"nombre","url","id"
"M30-PK10+900C(M.ALVARO).jpg","www.mc30.es/components/com_hotspots/datos/imagenes_camaras/M30-PK10+900C(M.ALVARO).jpg","1k1OwEz4-xO5zdhRqs5bZ-C4nidV13Y2e"
"M30-PK12+500C(NUDOSUR).jpg","www.mc30.es/components/com_hotspots/datos/imagenes_camaras/M30-PK12+500C(NUDOSUR).jpg","1haHH4XhcmTqVm22KoRHaqwarZDcwjraz"
"M30-PK12+500C(NUDOSUR-A4).jpg","www.mc30.es/components/com_hotspots/datos/imagenes_camaras/M30-PK12+500C(NUDOSUR-A4).jpg","1Ec2hZqlK9wA-7KOVeKKvj2XRayTltc6E"
"M30-PK09+100CDAIAVMEDIT..jpg","www.mc30.es/components/com_hotspots/datos/imagenes_camaras/M30-PK09+100CDAIAVMEDIT..jpg","1DBwogrcnirmG1Dn2-H0lEOcRWXKxGG1f"
"M30-PK07+600D(ODONNELL).jpg","www.mc30.es/components/com_hotspots/datos/imagenes_camaras/M30-PK07+600D(ODONNELL).jpg","1QJPGr2tyOy90I1Xcevv2RYnmpC9dbx98"
"M30-PK01+500C(PIOXII).jpg","www.mc30.es/components/com_hotspots/datos/imagenes_camaras/M30-PK01+500C(PIOXII).jpg","1_xBpCJvunuSoHM8MQgjSUv95mi3YU1Dm"
"M30-PK02+900X(COSTARICA).jpg","www.mc30.es/components/com_hotspots/datos/imagenes_camaras/M30-PK02+900X(COSTARICA).jpg","11Xn8RHT3Z1s3Cv1oJ4PKLXAipaF2WcQk"
"M30-PK00+900C.jpg","www.mc30.es/components/com_hotspots/datos/imagenes_camaras/M30-PK00+900C.jpg","1Sm7AJrpuuQeWbj92MxCP2aakx4Kabsna"
"M30-PK31+700C.jpg","www.mc30.es/components/com_hotspots/datos/imagenes_camaras/M30-PK31+700C.jpg","1L3eF1qEnu38A839RXRXVmENg9NaIotAG"
"M30-PK29+800C(R.ACADEM.).jpg","www.mc30.es/components/com_hotspots/datos/imagenes_camaras/M30-PK29+800C(R.ACADEM.).jpg","11Etv7FTpc2IkfAXz026qDu3Y8Y8OM043"
"M30-PK25+000C(NUDOM-40).jpg","www.mc30.es/components/com_hotspots/datos/imagenes_camaras/M30-PK25+000C(NUDOM-40).jpg","1Fae7QPU6yfsp0YX7PWuv7s7vUF2PVKu1"
"M30-PK24+800D(ARR.FRESNO).jpg","www.mc30.es/components/com_hotspots/datos/imagenes_camaras/M30-PK24+800D(ARR.FRESNO).jpg","19L-hmCeu7puymLQAzTO8ZRAGYCjxhXhq"
"M30-PK22+400D(VETERINARIA).jpg","www.mc30.es/components/com_hotspots/datos/imagenes_camaras/M30-PK22+400D(VETERINARIA).jpg","14ScWrDn3SHmdSGsU3W_wIyu9SwbZP408"
"M30-PK19+700D(MONISTROL).jpg","www.mc30.es/components/com_hotspots/datos/imagenes_camaras/M30-PK19+700D(MONISTROL).jpg","1pq3AmXYt1XtALwz3_neYcC1a2vWiyoHe"
"M30-PK20+700D(P.FRANCESES).jpg","www.mc30.es/components/com_hotspots/datos/imagenes_camaras/M30-PK20+700D(P.FRANCESES).jpg","1zlJRkyqxo5gLpS-ul-4jIlGtNAXCe3Xx"
"M30-PK16+000C(CALDERON).jpg","www.mc30.es/components/com_hotspots/datos/imagenes_camaras/M30-PK16+000C(CALDERON).jpg","1SMcz8IqXp7Hkxg0M1qVtRZIp5K536WXP"
"M30-PK10+000C.jpg","www.mc30.es/components/com_hotspots/datos/imagenes_camaras/M30-PK10+000C.jpg","1pMBNP7G5X6vC29xcknR7nMfg7l17IWfR"
"M30-PK09+800D(A3).jpg","www.mc30.es/components/com_hotspots/datos/imagenes_camaras/M30-PK09+800D(A3).jpg","15-9O3IKtN8yf6RcvkMMoAwxD-BTQENGh"
"M30-PK08+000D(DAI).jpg","www.mc30.es/components/com_hotspots/datos/imagenes_camaras/M30-PK08+000D(DAI).jpg","1b4PNNcdXzvi1GCHlZOFSp_9kbYRbniTM"
"M30-PK04+700D(AVAMERICA).jpg","www.mc30.es/components/com_hotspots/datos/imagenes_camaras/M30-PK04+700D(AVAMERICA).jpg","16s3oQEXmRFdOMUznMs23eQnN4ljn759p"
"M30-PK06+000D(ALCALA).jpg","www.mc30.es/components/com_hotspots/datos/imagenes_camaras/M30-PK06+000D(ALCALA).jpg","1SWtW9BVZgrhXYifQ7hwnt0SXt3hmJ67G"
"M30-PK00+000C(MANOTERAS).jpg","www.mc30.es/components/com_hotspots/datos/imagenes_camaras/M30-PK00+000C(MANOTERAS).jpg","1JO0foUM_m6r3ztT1q4Hc5TIg7OngoI1x"
"M30-PK30+500C(M607).jpg","www.mc30.es/components/com_hotspots/datos/imagenes_camaras/M30-PK30+500C(M607).jpg","1p42jRH89isu3VneVHtudKuXE_v0cYgTe"
